{
  "Get user" : {
    "transaction" : "Get user",
    "sampleCount" : 1000,
    "errorCount" : 0,
    "errorPct" : 0.0,
    "meanResTime" : 1655.3849999999993,
    "medianResTime" : 1407.0,
    "minResTime" : 56.0,
    "maxResTime" : 3029.0,
    "pct1ResTime" : 2783.0,
    "pct2ResTime" : 2870.85,
    "pct3ResTime" : 2914.98,
    "throughput" : 43.78283712784589,
    "receivedKBytesPerSec" : 77.53478683231174,
    "sentKBytesPerSec" : 7.439661777583187
  },
  "Delete Request" : {
    "transaction" : "Delete Request",
    "sampleCount" : 1000,
    "errorCount" : 0,
    "errorPct" : 0.0,
    "meanResTime" : 1173.4140000000007,
    "medianResTime" : 1310.5,
    "minResTime" : 401.0,
    "maxResTime" : 15583.0,
    "pct1ResTime" : 1795.0,
    "pct2ResTime" : 1971.9499999999998,
    "pct3ResTime" : 3218.91,
    "throughput" : 28.314975790695698,
    "receivedKBytesPerSec" : 19.784481004190617,
    "sentKBytesPerSec" : 5.309057960755443
  },
  "Login successfull" : {
    "transaction" : "Login successfull",
    "sampleCount" : 1000,
    "errorCount" : 0,
    "errorPct" : 0.0,
    "meanResTime" : 1267.2270000000003,
    "medianResTime" : 1678.5,
    "minResTime" : 400.0,
    "maxResTime" : 3271.0,
    "pct1ResTime" : 1833.9,
    "pct2ResTime" : 2870.8499999999917,
    "pct3ResTime" : 3149.95,
    "throughput" : 39.359231707797065,
    "receivedKBytesPerSec" : 30.190068189868935,
    "sentKBytesPerSec" : 9.955118176093203
  },
  "List Resource" : {
    "transaction" : "List Resource",
    "sampleCount" : 1000,
    "errorCount" : 0,
    "errorPct" : 0.0,
    "meanResTime" : 1418.2359999999992,
    "medianResTime" : 1406.0,
    "minResTime" : 59.0,
    "maxResTime" : 2920.0,
    "pct1ResTime" : 2619.9,
    "pct2ResTime" : 2785.95,
    "pct3ResTime" : 2905.99,
    "throughput" : 41.63717366865137,
    "receivedKBytesPerSec" : 61.888982608673025,
    "sentKBytesPerSec" : 6.9124214098347005
  },
  "Update Request" : {
    "transaction" : "Update Request",
    "sampleCount" : 1000,
    "errorCount" : 0,
    "errorPct" : 0.0,
    "meanResTime" : 1443.5279999999982,
    "medianResTime" : 1734.0,
    "minResTime" : 405.0,
    "maxResTime" : 3297.0,
    "pct1ResTime" : 2463.8,
    "pct2ResTime" : 2881.7499999999995,
    "pct3ResTime" : 3274.99,
    "throughput" : 45.357645031069985,
    "receivedKBytesPerSec" : 36.571018732707394,
    "sentKBytesPerSec" : 10.53701502755477
  },
  "Single user Request" : {
    "transaction" : "Single user Request",
    "sampleCount" : 1000,
    "errorCount" : 0,
    "errorPct" : 0.0,
    "meanResTime" : 1559.6529999999977,
    "medianResTime" : 1368.0,
    "minResTime" : 57.0,
    "maxResTime" : 2933.0,
    "pct1ResTime" : 2795.0,
    "pct2ResTime" : 2871.8999999999996,
    "pct3ResTime" : 2915.0,
    "throughput" : 43.66621544910702,
    "receivedKBytesPerSec" : 46.80498054124274,
    "sentKBytesPerSec" : 7.249274049168159
  },
  "Register Successfull" : {
    "transaction" : "Register Successfull",
    "sampleCount" : 1000,
    "errorCount" : 0,
    "errorPct" : 0.0,
    "meanResTime" : 1382.8320000000015,
    "medianResTime" : 1698.0,
    "minResTime" : 401.0,
    "maxResTime" : 3301.0,
    "pct1ResTime" : 2007.6,
    "pct2ResTime" : 3065.8999999999996,
    "pct3ResTime" : 3254.95,
    "throughput" : 38.79878947776829,
    "receivedKBytesPerSec" : 30.031930191278033,
    "sentKBytesPerSec" : 9.77547625514084
  },
  "Get Request" : {
    "transaction" : "Get Request",
    "sampleCount" : 1000,
    "errorCount" : 0,
    "errorPct" : 0.0,
    "meanResTime" : 1516.8120000000004,
    "medianResTime" : 1748.0,
    "minResTime" : 405.0,
    "maxResTime" : 5894.0,
    "pct1ResTime" : 2984.7999999999993,
    "pct2ResTime" : 3174.8999999999996,
    "pct3ResTime" : 3275.96,
    "throughput" : 47.364183204660634,
    "receivedKBytesPerSec" : 36.84498664922086,
    "sentKBytesPerSec" : 8.829211045919577
  },
  "Patch Request" : {
    "transaction" : "Patch Request",
    "sampleCount" : 1000,
    "errorCount" : 0,
    "errorPct" : 0.0,
    "meanResTime" : 1688.962,
    "medianResTime" : 1736.5,
    "minResTime" : 409.0,
    "maxResTime" : 3307.0,
    "pct1ResTime" : 2798.2,
    "pct2ResTime" : 3102.95,
    "pct3ResTime" : 3280.0,
    "throughput" : 44.26345609065156,
    "receivedKBytesPerSec" : 35.121582722866506,
    "sentKBytesPerSec" : 9.50475590087199
  },
  "Debug Sampler" : {
    "transaction" : "Debug Sampler",
    "sampleCount" : 1000,
    "errorCount" : 0,
    "errorPct" : 0.0,
    "meanResTime" : 0.08200000000000013,
    "medianResTime" : 0.0,
    "minResTime" : 0.0,
    "maxResTime" : 3.0,
    "pct1ResTime" : 0.0,
    "pct2ResTime" : 1.0,
    "pct3ResTime" : 1.0,
    "throughput" : 30.913812291331766,
    "receivedKBytesPerSec" : 10.042641739829357,
    "sentKBytesPerSec" : 0.0
  },
  "Total" : {
    "transaction" : "Total",
    "sampleCount" : 13000,
    "errorCount" : 1,
    "errorPct" : 0.0076923077,
    "meanResTime" : 1604.7616153846004,
    "medianResTime" : 1406.0,
    "minResTime" : 0.0,
    "maxResTime" : 15583.0,
    "pct1ResTime" : 2821.8999999999996,
    "pct2ResTime" : 3220.0,
    "pct3ResTime" : 9884.97,
    "throughput" : 294.7845804988662,
    "receivedKBytesPerSec" : 293.1533446712018,
    "sentKBytesPerSec" : 54.41769416099773
  },
  "List User Request" : {
    "transaction" : "List User Request",
    "sampleCount" : 1000,
    "errorCount" : 0,
    "errorPct" : 0.0,
    "meanResTime" : 1553.5410000000004,
    "medianResTime" : 1403.0,
    "minResTime" : 56.0,
    "maxResTime" : 3890.0,
    "pct1ResTime" : 2796.8,
    "pct2ResTime" : 2866.7999999999997,
    "pct3ResTime" : 2912.0,
    "throughput" : 44.193035177656,
    "receivedKBytesPerSec" : 79.77429788315361,
    "sentKBytesPerSec" : 7.552520660243945
  },
  "Create Request" : {
    "transaction" : "Create Request",
    "sampleCount" : 1000,
    "errorCount" : 1,
    "errorPct" : 0.1,
    "meanResTime" : 4977.962000000001,
    "medianResTime" : 3640.5,
    "minResTime" : 568.0,
    "maxResTime" : 10541.0,
    "pct1ResTime" : 9903.0,
    "pct2ResTime" : 9925.0,
    "pct3ResTime" : 9960.98,
    "throughput" : 51.255766273705795,
    "receivedKBytesPerSec" : 42.411093269477185,
    "sentKBytesPerSec" : 11.95105274538698
  },
  "Single <Resource>" : {
    "transaction" : "Single <Resource>",
    "sampleCount" : 1000,
    "errorCount" : 0,
    "errorPct" : 0.0,
    "meanResTime" : 1224.2670000000012,
    "medianResTime" : 1365.0,
    "minResTime" : 56.0,
    "maxResTime" : 4005.0,
    "pct1ResTime" : 2255.7999999999993,
    "pct2ResTime" : 2704.85,
    "pct3ResTime" : 2893.0,
    "throughput" : 39.21568627450981,
    "receivedKBytesPerSec" : 40.15686274509804,
    "sentKBytesPerSec" : 6.5870098039215685
  }
}