{
  "Get user" : {
    "transaction" : "Get user",
    "sampleCount" : 1500,
    "errorCount" : 0,
    "errorPct" : 0.0,
    "meanResTime" : 4116.341999999997,
    "medianResTime" : 4619.5,
    "minResTime" : 1276.0,
    "maxResTime" : 12339.0,
    "pct1ResTime" : 4946.0,
    "pct2ResTime" : 4960.0,
    "pct3ResTime" : 4975.99,
    "throughput" : 50.571457469404265,
    "receivedKBytesPerSec" : 89.43539206575974,
    "sentKBytesPerSec" : 8.593196874683928
  },
  "Delete Request" : {
    "transaction" : "Delete Request",
    "sampleCount" : 1500,
    "errorCount" : 0,
    "errorPct" : 0.0,
    "meanResTime" : 1991.4120000000044,
    "medianResTime" : 2695.0,
    "minResTime" : 386.0,
    "maxResTime" : 2930.0,
    "pct1ResTime" : 2794.8,
    "pct2ResTime" : 2830.95,
    "pct3ResTime" : 2888.0,
    "throughput" : 121.084920891185,
    "receivedKBytesPerSec" : 84.61439497901195,
    "sentKBytesPerSec" : 22.70342266709719
  },
  "Login successfull" : {
    "transaction" : "Login successfull",
    "sampleCount" : 1500,
    "errorCount" : 0,
    "errorPct" : 0.0,
    "meanResTime" : 2215.314666666665,
    "medianResTime" : 2843.0,
    "minResTime" : 389.0,
    "maxResTime" : 3887.0,
    "pct1ResTime" : 3076.0,
    "pct2ResTime" : 3116.95,
    "pct3ResTime" : 3157.0,
    "throughput" : 99.25886712546321,
    "receivedKBytesPerSec" : 76.16696375397035,
    "sentKBytesPerSec" : 25.105514243647434
  },
  "List Resource" : {
    "transaction" : "List Resource",
    "sampleCount" : 1500,
    "errorCount" : 0,
    "errorPct" : 0.0,
    "meanResTime" : 2772.8326666666653,
    "medianResTime" : 2849.5,
    "minResTime" : 273.0,
    "maxResTime" : 12875.0,
    "pct1ResTime" : 3089.0,
    "pct2ResTime" : 3182.95,
    "pct3ResTime" : 3725.98,
    "throughput" : 73.52580755845302,
    "receivedKBytesPerSec" : 109.130536263541,
    "sentKBytesPerSec" : 12.206432895446302
  },
  "Update Request" : {
    "transaction" : "Update Request",
    "sampleCount" : 1500,
    "errorCount" : 0,
    "errorPct" : 0.0,
    "meanResTime" : 2810.691333333331,
    "medianResTime" : 2754.0,
    "minResTime" : 639.0,
    "maxResTime" : 5407.0,
    "pct1ResTime" : 4859.9,
    "pct2ResTime" : 5055.9,
    "pct3ResTime" : 5341.98,
    "throughput" : 47.8484162174232,
    "receivedKBytesPerSec" : 38.58227136431784,
    "sentKBytesPerSec" : 11.115940949073336
  },
  "Single user Request" : {
    "transaction" : "Single user Request",
    "sampleCount" : 1500,
    "errorCount" : 0,
    "errorPct" : 0.0,
    "meanResTime" : 3296.0053333333317,
    "medianResTime" : 3222.0,
    "minResTime" : 515.0,
    "maxResTime" : 5523.0,
    "pct1ResTime" : 4108.9,
    "pct2ResTime" : 4651.8,
    "pct3ResTime" : 5132.840000000001,
    "throughput" : 59.49547834364588,
    "receivedKBytesPerSec" : 63.61127947505156,
    "sentKBytesPerSec" : 9.877179021894337
  },
  "Register Successfull" : {
    "transaction" : "Register Successfull",
    "sampleCount" : 1500,
    "errorCount" : 0,
    "errorPct" : 0.0,
    "meanResTime" : 2657.2953333333317,
    "medianResTime" : 3193.5,
    "minResTime" : 395.0,
    "maxResTime" : 15718.0,
    "pct1ResTime" : 3349.0,
    "pct2ResTime" : 3382.0,
    "pct3ResTime" : 3396.98,
    "throughput" : 84.26966292134831,
    "receivedKBytesPerSec" : 65.24051966292134,
    "sentKBytesPerSec" : 21.232004915730336
  },
  "Get Request" : {
    "transaction" : "Get Request",
    "sampleCount" : 1500,
    "errorCount" : 0,
    "errorPct" : 0.0,
    "meanResTime" : 2187.1446666666648,
    "medianResTime" : 1051.0,
    "minResTime" : 388.0,
    "maxResTime" : 14708.0,
    "pct1ResTime" : 5139.6,
    "pct2ResTime" : 5302.0,
    "pct3ResTime" : 5389.98,
    "throughput" : 51.21026936601687,
    "receivedKBytesPerSec" : 39.83845560496398,
    "sentKBytesPerSec" : 9.546481054334096
  },
  "Patch Request" : {
    "transaction" : "Patch Request",
    "sampleCount" : 1500,
    "errorCount" : 0,
    "errorPct" : 0.0,
    "meanResTime" : 4534.991999999995,
    "medianResTime" : 5111.5,
    "minResTime" : 2074.0,
    "maxResTime" : 6529.0,
    "pct1ResTime" : 5395.9,
    "pct2ResTime" : 5403.0,
    "pct3ResTime" : 5626.99,
    "throughput" : 44.7053914702113,
    "receivedKBytesPerSec" : 35.47623116785385,
    "sentKBytesPerSec" : 9.599929821849015
  },
  "Debug Sampler" : {
    "transaction" : "Debug Sampler",
    "sampleCount" : 1500,
    "errorCount" : 0,
    "errorPct" : 0.0,
    "meanResTime" : 0.5313333333333327,
    "medianResTime" : 0.0,
    "minResTime" : 0.0,
    "maxResTime" : 111.0,
    "pct1ResTime" : 0.0,
    "pct2ResTime" : 1.0,
    "pct3ResTime" : 1.0,
    "throughput" : 161.96954972465178,
    "receivedKBytesPerSec" : 52.680806945794195,
    "sentKBytesPerSec" : 0.0
  },
  "Total" : {
    "transaction" : "Total",
    "sampleCount" : 19500,
    "errorCount" : 4,
    "errorPct" : 0.020512821,
    "meanResTime" : 3106.5992307692195,
    "medianResTime" : 2853.0,
    "minResTime" : 0.0,
    "maxResTime" : 19062.0,
    "pct1ResTime" : 5135.9000000000015,
    "pct2ResTime" : 5627.950000000001,
    "pct3ResTime" : 13837.920000000013,
    "throughput" : 365.798754408344,
    "receivedKBytesPerSec" : 363.54224433363663,
    "sentKBytesPerSec" : 67.5165979719273
  },
  "List User Request" : {
    "transaction" : "List User Request",
    "sampleCount" : 1500,
    "errorCount" : 0,
    "errorPct" : 0.0,
    "meanResTime" : 4176.6940000000095,
    "medianResTime" : 4628.0,
    "minResTime" : 2351.0,
    "maxResTime" : 11949.0,
    "pct1ResTime" : 4986.0,
    "pct2ResTime" : 4998.0,
    "pct3ResTime" : 5048.9,
    "throughput" : 44.33541217154849,
    "receivedKBytesPerSec" : 79.91891006931102,
    "sentKBytesPerSec" : 7.576852666036119
  },
  "Create Request" : {
    "transaction" : "Create Request",
    "sampleCount" : 1500,
    "errorCount" : 4,
    "errorPct" : 0.26666668,
    "meanResTime" : 7283.656666666667,
    "medianResTime" : 7336.5,
    "minResTime" : 421.0,
    "maxResTime" : 19062.0,
    "pct1ResTime" : 14091.400000000001,
    "pct2ResTime" : 15966.5,
    "pct3ResTime" : 16864.98,
    "throughput" : 50.800961831544015,
    "receivedKBytesPerSec" : 42.19413455269753,
    "sentKBytesPerSec" : 11.82524680800623
  },
  "Single <Resource>" : {
    "transaction" : "Single <Resource>",
    "sampleCount" : 1500,
    "errorCount" : 0,
    "errorPct" : 0.0,
    "meanResTime" : 2342.878000000001,
    "medianResTime" : 2529.0,
    "minResTime" : 78.0,
    "maxResTime" : 3272.0,
    "pct1ResTime" : 2726.0,
    "pct2ResTime" : 2750.0,
    "pct3ResTime" : 3195.99,
    "throughput" : 88.22491471591577,
    "receivedKBytesPerSec" : 90.10176192506765,
    "sentKBytesPerSec" : 14.819028643688979
  }
}