{
  "Get user" : {
    "transaction" : "Get user",
    "sampleCount" : 4000,
    "errorCount" : 0,
    "errorPct" : 0.0,
    "meanResTime" : 3206.3272500000044,
    "medianResTime" : 3448.0,
    "minResTime" : 10.0,
    "maxResTime" : 11992.0,
    "pct1ResTime" : 3712.0,
    "pct2ResTime" : 4006.95,
    "pct3ResTime" : 5035.99,
    "throughput" : 0.43812411464700396,
    "receivedKBytesPerSec" : 0.7756991728381012,
    "sentKBytesPerSec" : 0.07444687104353387
  },
  "Delete Request" : {
    "transaction" : "Delete Request",
    "sampleCount" : 4000,
    "errorCount" : 0,
    "errorPct" : 0.0,
    "meanResTime" : 1925.0959999999945,
    "medianResTime" : 1765.0,
    "minResTime" : 387.0,
    "maxResTime" : 6983.0,
    "pct1ResTime" : 3698.6000000000004,
    "pct2ResTime" : 3940.8999999999996,
    "pct3ResTime" : 4351.939999999999,
    "throughput" : 0.43776401958424893,
    "receivedKBytesPerSec" : 0.30590321257777014,
    "sentKBytesPerSec" : 0.08208075367204667
  },
  "Login successfull" : {
    "transaction" : "Login successfull",
    "sampleCount" : 4000,
    "errorCount" : 0,
    "errorPct" : 0.0,
    "meanResTime" : 2257.967500000001,
    "medianResTime" : 2251.5,
    "minResTime" : 388.0,
    "maxResTime" : 19444.0,
    "pct1ResTime" : 3571.9,
    "pct2ResTime" : 3870.0,
    "pct3ResTime" : 4172.9299999999985,
    "throughput" : 0.4379724285406923,
    "receivedKBytesPerSec" : 0.33597083124155874,
    "sentKBytesPerSec" : 0.11077622948441337
  },
  "List Resource" : {
    "transaction" : "List Resource",
    "sampleCount" : 4000,
    "errorCount" : 0,
    "errorPct" : 0.0,
    "meanResTime" : 3070.4239999999995,
    "medianResTime" : 3261.5,
    "minResTime" : 10.0,
    "maxResTime" : 17085.0,
    "pct1ResTime" : 3924.9,
    "pct2ResTime" : 4252.0,
    "pct3ResTime" : 5003.0,
    "throughput" : 0.438019525377373,
    "receivedKBytesPerSec" : 0.6510788099239455,
    "sentKBytesPerSec" : 0.07271808526772792
  },
  "Update Request" : {
    "transaction" : "Update Request",
    "sampleCount" : 4000,
    "errorCount" : 0,
    "errorPct" : 0.0,
    "meanResTime" : 3332.2087499999907,
    "medianResTime" : 3525.0,
    "minResTime" : 390.0,
    "maxResTime" : 14063.0,
    "pct1ResTime" : 4228.0,
    "pct2ResTime" : 4889.249999999997,
    "pct3ResTime" : 5422.0,
    "throughput" : 0.43846168349117226,
    "receivedKBytesPerSec" : 0.3535564045056761,
    "sentKBytesPerSec" : 0.10166348577559049
  },
  "Single user Request" : {
    "transaction" : "Single user Request",
    "sampleCount" : 4000,
    "errorCount" : 0,
    "errorPct" : 0.0,
    "meanResTime" : 3156.920249999997,
    "medianResTime" : 3420.0,
    "minResTime" : 10.0,
    "maxResTime" : 9413.0,
    "pct1ResTime" : 3650.0,
    "pct2ResTime" : 3824.95,
    "pct3ResTime" : 4984.9299999999985,
    "throughput" : 0.43806073142562263,
    "receivedKBytesPerSec" : 0.46932902730585857,
    "sentKBytesPerSec" : 0.07272492611558189
  },
  "Register Successfull" : {
    "transaction" : "Register Successfull",
    "sampleCount" : 4000,
    "errorCount" : 0,
    "errorPct" : 0.0,
    "meanResTime" : 2697.718500000006,
    "medianResTime" : 2742.5,
    "minResTime" : 389.0,
    "maxResTime" : 7780.0,
    "pct1ResTime" : 3842.9,
    "pct2ResTime" : 3956.0,
    "pct3ResTime" : 4099.879999999997,
    "throughput" : 0.43797218876601335,
    "receivedKBytesPerSec" : 0.3389408600678857,
    "sentKBytesPerSec" : 0.11034846162268695
  },
  "Get Request" : {
    "transaction" : "Get Request",
    "sampleCount" : 4000,
    "errorCount" : 3,
    "errorPct" : 0.075,
    "meanResTime" : 4493.791000000002,
    "medianResTime" : 3607.5,
    "minResTime" : 389.0,
    "maxResTime" : 14415.0,
    "pct1ResTime" : 11305.9,
    "pct2ResTime" : 12059.95,
    "pct3ResTime" : 13594.97,
    "throughput" : 0.4386158249519332,
    "receivedKBytesPerSec" : 0.3418181525792036,
    "sentKBytesPerSec" : 0.08150704926220433
  },
  "Patch Request" : {
    "transaction" : "Patch Request",
    "sampleCount" : 4000,
    "errorCount" : 0,
    "errorPct" : 0.0,
    "meanResTime" : 3360.3929999999978,
    "medianResTime" : 3654.0,
    "minResTime" : 390.0,
    "maxResTime" : 6724.0,
    "pct1ResTime" : 3972.9,
    "pct2ResTime" : 4049.95,
    "pct3ResTime" : 4380.0,
    "throughput" : 0.43832316405329264,
    "receivedKBytesPerSec" : 0.3478137111759367,
    "sentKBytesPerSec" : 0.09392646873462787
  },
  "Debug Sampler" : {
    "transaction" : "Debug Sampler",
    "sampleCount" : 4000,
    "errorCount" : 0,
    "errorPct" : 0.0,
    "meanResTime" : 0.16274999999999953,
    "medianResTime" : 0.0,
    "minResTime" : 0.0,
    "maxResTime" : 121.0,
    "pct1ResTime" : 0.0,
    "pct2ResTime" : 1.0,
    "pct3ResTime" : 1.0,
    "throughput" : 0.4378283233550434,
    "receivedKBytesPerSec" : 0.14316302066954678,
    "sentKBytesPerSec" : 0.0
  },
  "Total" : {
    "transaction" : "Total",
    "sampleCount" : 52000,
    "errorCount" : 644,
    "errorPct" : 1.2384615,
    "meanResTime" : 3584.4702307692396,
    "medianResTime" : 3181.0,
    "minResTime" : 0.0,
    "maxResTime" : 20125.0,
    "pct1ResTime" : 3882.0,
    "pct2ResTime" : 3988.0,
    "pct3ResTime" : 14212.900000000016,
    "throughput" : 5.686356331582811,
    "receivedKBytesPerSec" : 5.756520274669327,
    "sentKBytesPerSec" : 1.03280732179342
  },
  "List User Request" : {
    "transaction" : "List User Request",
    "sampleCount" : 4000,
    "errorCount" : 0,
    "errorPct" : 0.0,
    "meanResTime" : 3154.774999999996,
    "medianResTime" : 3397.0,
    "minResTime" : 10.0,
    "maxResTime" : 13734.0,
    "pct1ResTime" : 3866.0,
    "pct2ResTime" : 3993.0,
    "pct3ResTime" : 6184.99,
    "throughput" : 0.4382119986389135,
    "receivedKBytesPerSec" : 0.7908498383600266,
    "sentKBytesPerSec" : 0.07488974586114244
  },
  "Create Request" : {
    "transaction" : "Create Request",
    "sampleCount" : 4000,
    "errorCount" : 641,
    "errorPct" : 16.025,
    "meanResTime" : 13190.817999999957,
    "medianResTime" : 14424.5,
    "minResTime" : 480.0,
    "maxResTime" : 20125.0,
    "pct1ResTime" : 18666.0,
    "pct2ResTime" : 19345.95,
    "pct3ResTime" : 19743.0,
    "throughput" : 0.4390370205894094,
    "receivedKBytesPerSec" : 0.46444382286025154,
    "sentKBytesPerSec" : 0.08604964823393517
  },
  "Single <Resource>" : {
    "transaction" : "Single <Resource>",
    "sampleCount" : 4000,
    "errorCount" : 0,
    "errorPct" : 0.0,
    "meanResTime" : 2751.511000000016,
    "medianResTime" : 2783.5,
    "minResTime" : 10.0,
    "maxResTime" : 7910.0,
    "pct1ResTime" : 3655.9,
    "pct2ResTime" : 3826.95,
    "pct3ResTime" : 4910.149999999981,
    "throughput" : 0.43798849404226153,
    "receivedKBytesPerSec" : 0.448318007842184,
    "sentKBytesPerSec" : 0.07356837985866112
  }
}